timestamp,engine_base,engine_cand,secs,god1,god2,outcome,moves_g1,moves_g2
2026-07-12 10:17:41.153,v122,v123,0.5,Hephaestus,Hephaestus,base_sweep,23,28
2026-07-12 10:17:53.356,v122,v123,0.5,Pan,Pan,split_god2,52,28
2026-07-12 10:18:09.340,v122,v123,0.5,Atlas,Atlas,split_god1,35,31
2026-07-12 10:18:12.079,v122,v123,0.5,Artemis,Artemis,base_sweep,51,60
2026-07-12 10:18:14.991,v122,v123,0.5,Mortal,Mortal,base_sweep,45,76
2026-07-12 10:18:20.050,v122,v123,0.5,Athena,Athena,cand_sweep,32,35
2026-07-12 10:18:34.470,v122,v123,0.5,Demeter,Demeter,split_god2,34,22
2026-07-12 10:18:37.987,v122,v123,0.5,Minotaur,Minotaur,cand_sweep,18,47
2026-07-12 10:18:59.572,v122,v123,0.5,Hermes,Hermes,base_sweep,43,48
2026-07-12 10:19:00.240,v122,v123,0.5,Apollo,Apollo,split_god1,86,29
2026-07-12 10:19:08.983,v122,v123,0.5,Prometheus,Prometheus,cand_sweep,34,47
2026-07-12 10:19:43.052,v122,v123,0.5,Urania,Urania,split_god1,77,73
2026-07-12 10:19:48.434,v122,v123,0.5,Graeae,Graeae,split_god2,58,50
2026-07-12 10:20:00.040,v122,v123,0.5,Hera,Hera,split_god2,52,88
2026-07-12 10:20:00.626,v122,v123,0.5,Limus,Limus,base_sweep,71,54
2026-07-12 10:20:16.124,v122,v123,0.5,Harpies,Harpies,cand_sweep,38,33
2026-07-12 10:20:25.900,v122,v123,0.5,Hypnus,Hypnus,split_god1,63,55
2026-07-12 10:20:40.629,v122,v123,0.5,Persephone,Persephone,split_god1,37,65
2026-07-12 10:20:55.616,v122,v123,0.5,Morpheus,Morpheus,split_god1,33,33
2026-07-12 10:21:01.036,v122,v123,0.5,Hades,Hades,split_god1,69,47
2026-07-12 10:21:04.728,v122,v123,0.5,Aeolus,Aeolus,split_god2,28,28
2026-07-12 10:21:05.858,v122,v123,0.5,Aphrodite,Aphrodite,split_god2,76,78
2026-07-12 10:21:15.892,v122,v123,0.5,Hestia,Hestia,split_god1,21,31
2026-07-12 10:21:20.622,v122,v123,0.5,Europa,Europa,base_sweep,21,26
2026-07-12 10:21:30.120,v122,v123,0.5,Clio,Clio,split_god1,23,39
2026-07-12 10:21:33.850,v122,v123,0.5,Maenads,Maenads,cand_sweep,26,23
2026-07-12 10:21:40.601,v122,v123,0.5,Bia,Bia,split_god1,43,43
2026-07-12 10:21:47.834,v122,v123,0.5,Eros,Eros,base_sweep,29,24
2026-07-12 10:21:58.316,v122,v123,0.5,Hippolyta,Hippolyta,split_god2,34,15
2026-07-12 10:22:06.621,v122,v123,0.5,Selene,Selene,cand_sweep,34,44
2026-07-12 10:22:14.064,v122,v123,0.5,Zeus,Zeus,base_sweep,89,40
2026-07-12 10:22:22.570,v122,v123,0.5,Scylla,Scylla,base_sweep,41,38
2026-07-12 10:22:27.210,v122,v123,0.5,Charon,Charon,split_god1,39,29
2026-07-12 10:22:31.682,v122,v123,0.5,Proteus,Proteus,split_god2,24,20
2026-07-12 10:23:00.397,v122,v123,0.5,Asteria,Asteria,split_god1,53,38
2026-07-12 10:23:03.416,v122,v123,0.5,Hydra,Hydra,split_god1,63,21
2026-07-12 10:23:10.450,v122,v123,0.5,Pegasus,Pegasus,split_god2,70,86
2026-07-12 10:23:37.862,v122,v123,0.5,ApolloV2,ApolloV2,split_god2,74,82
2026-07-12 10:23:42.600,v122,v123,0.5,Castor,Castor,split_god1,31,45
2026-07-12 10:23:52.286,v122,v123,0.5,Medusa,Medusa,split_god2,58,74
2026-07-12 10:24:02.470,v122,v123,0.5,Iris,Iris,split_god2,68,76
2026-07-12 10:24:04.696,v122,v123,0.5,Polyphemus,Polyphemus,split_god2,28,30
2026-07-12 10:24:04.835,v122,v123,0.5,CharonV2,CharonV2,cand_sweep,38,29
2026-07-12 10:24:12.293,v122,v123,0.5,Poseidon,Poseidon,split_god2,12,10
2026-07-12 10:24:22.362,v122,v123,0.5,Nemesis,Nemesis,cand_sweep,28,27
2026-07-12 10:24:26.268,v122,v123,0.5,Nike,Nike,cand_sweep,38,45
2026-07-12 10:24:46.769,v122,v123,0.5,Achilles,Achilles,base_sweep,33,20
2026-07-12 10:24:53.202,v122,v123,0.5,Theseus,Theseus,split_god1,41,65
2026-07-12 10:25:01.186,v122,v123,0.5,Bellerophon,Bellerophon,split_god1,59,75
2026-07-12 10:25:07.827,v122,v123,0.5,Terpsichore,Terpsichore,split_god1,11,25
2026-07-12 10:25:23.152,v122,v123,0.5,Pan,Hephaestus,split_god2,20,20
2026-07-12 10:25:24.390,v122,v123,0.5,Jason,Jason,cand_sweep,66,79
2026-07-12 10:25:36.083,v122,v123,0.5,Stymphalians,Stymphalians,base_sweep,52,61
2026-07-12 10:25:38.692,v122,v123,0.5,Pan,Artemis,split_god2,36,54
2026-07-12 10:25:46.829,v122,v123,0.5,Pan,Athena,split_god2,28,30
2026-07-12 10:25:52.015,v122,v123,0.5,Pan,Atlas,base_sweep,37,39
2026-07-12 10:25:54.205,v122,v123,0.5,Pan,Demeter,split_god2,20,20
2026-07-12 10:25:59.243,v122,v123,0.5,Pan,Minotaur,split_god2,36,24
2026-07-12 10:26:05.380,v122,v123,0.5,Pan,Apollo,split_god2,26,22
2026-07-12 10:26:11.418,v122,v123,0.5,Pan,Prometheus,split_god2,22,20
2026-07-12 10:26:13.755,v122,v123,0.5,Pan,Graeae,split_god1,13,11
2026-07-12 10:26:33.035,v122,v123,0.5,Pan,Hermes,split_god2,46,44
2026-07-12 10:26:42.282,v122,v123,0.5,Pan,Hera,base_sweep,27,48
2026-07-12 10:26:42.431,v122,v123,0.5,Pan,Urania,split_god2,64,36
2026-07-12 10:35:09.460,v122,v124,0.5,Hephaestus,Hephaestus,split_god1,17,15
2026-07-12 10:35:37.004,v122,v124,0.5,Mortal,Mortal,split_god1,53,37
2026-07-12 10:35:46.275,v122,v124,0.5,Athena,Athena,split_god1,63,49
2026-07-12 10:35:46.421,v122,v124,0.5,Minotaur,Minotaur,cand_sweep,44,49
2026-07-12 10:35:57.176,v122,v124,0.5,Artemis,Artemis,cand_sweep,76,67
2026-07-12 10:40:11.178,v122,v124,0.5,Hermes,Hermes,cand_sweep,44,49
2026-07-12 10:40:20.619,v122,v124,0.5,Artemis,Artemis,cand_sweep,60,55
2026-07-12 10:40:25.382,v122,v124,0.5,Mortal,Mortal,split_god1,77,61
2026-07-12 10:40:30.431,v122,v124,0.5,Minotaur,Minotaur,base_sweep,57,80
2026-07-12 10:40:47.710,v122,v124,0.5,Prometheus,Prometheus,base_sweep,47,46
2026-07-12 10:40:56.715,v122,v124,0.5,Harpies,Harpies,base_sweep,33,44
2026-07-12 10:40:57.792,v122,v124,0.5,Limus,Limus,split_god2,32,61
2026-07-12 10:41:01.981,v122,v124,0.5,Europa,Europa,split_god1,41,31
2026-07-12 10:41:15.708,v122,v124,0.5,Maenads,Maenads,base_sweep,43,32
2026-07-12 10:41:18.675,v122,v124,0.5,Eros,Eros,split_god1,27,33
2026-07-12 10:41:28.964,v122,v124,0.5,Selene,Selene,base_sweep,27,39
2026-07-12 10:41:40.675,v122,v124,0.5,Scylla,Scylla,base_sweep,33,24
2026-07-12 10:41:47.167,v122,v124,0.5,CharonV2,CharonV2,split_god2,30,34
2026-07-12 10:41:54.994,v122,v124,0.5,Zeus,Zeus,cand_sweep,74,59
2026-07-12 10:41:59.953,v122,v124,0.5,Nike,Nike,cand_sweep,34,39
2026-07-12 10:42:15.373,v122,v124,0.5,Nemesis,Nemesis,base_sweep,31,42
2026-07-12 10:42:28.458,v122,v124,0.5,Hephaestus,Hephaestus,split_god1,21,17
2026-07-12 10:42:29.925,v122,v124,0.5,Jason,Jason,cand_sweep,46,53
2026-07-12 10:42:36.361,v122,v124,0.5,Achilles,Achilles,split_god2,70,34
2026-07-12 10:42:47.275,v122,v124,0.5,Stymphalians,Stymphalians,cand_sweep,42,65
2026-07-12 10:43:06.487,v122,v124,0.5,Atlas,Atlas,cand_sweep,47,29
2026-07-12 10:43:07.972,v122,v124,0.5,Pan,Pan,cand_sweep,42,49
2026-07-12 10:43:09.654,v122,v124,0.5,Athena,Athena,split_god1,47,55
2026-07-12 10:43:10.418,v122,v124,0.5,Demeter,Demeter,split_god1,35,21
2026-07-12 10:43:43.532,v122,v124,0.5,Graeae,Graeae,cand_sweep,24,53
2026-07-12 10:43:51.546,v122,v124,0.5,Urania,Urania,base_sweep,47,52
2026-07-12 10:44:04.435,v122,v124,0.5,Apollo,Apollo,split_god1,84,63
2026-07-12 10:44:15.404,v122,v124,0.5,Hera,Hera,cand_sweep,60,96
2026-07-12 10:44:28.868,v122,v124,0.5,Hypnus,Hypnus,cand_sweep,52,57
2026-07-12 10:44:43.221,v122,v124,0.5,Persephone,Persephone,base_sweep,55,42
2026-07-12 10:44:51.808,v122,v124,0.5,Aphrodite,Aphrodite,cand_sweep,74,69
2026-07-12 10:45:03.301,v122,v124,0.5,Morpheus,Morpheus,cand_sweep,38,39
2026-07-12 10:45:07.671,v122,v124,0.5,Hades,Hades,split_god2,52,74
2026-07-12 10:45:10.801,v122,v124,0.5,Hestia,Hestia,split_god1,29,19
2026-07-12 10:45:25.705,v122,v124,0.5,Clio,Clio,base_sweep,19,26
2026-07-12 10:45:26.308,v122,v124,0.5,Aeolus,Aeolus,split_god2,48,54
2026-07-12 10:45:29.194,v122,v124,0.5,Hippolyta,Hippolyta,split_god2,26,26
2026-07-12 10:45:32.314,v122,v124,0.5,Bia,Bia,split_god1,31,43
2026-07-12 10:45:53.474,v122,v124,0.5,Proteus,Proteus,base_sweep,29,30
2026-07-12 10:46:03.855,v122,v124,0.5,Charon,Charon,cand_sweep,48,43
2026-07-12 10:46:09.461,v122,v124,0.5,Asteria,Asteria,cand_sweep,47,51
2026-07-12 10:46:30.473,v122,v124,0.5,Pegasus,Pegasus,base_sweep,83,70
2026-07-12 10:46:38.638,v122,v124,0.5,Medusa,Medusa,split_god2,22,58
2026-07-12 10:46:41.011,v122,v124,0.5,Hydra,Hydra,cand_sweep,62,43
2026-07-12 10:46:45.212,v122,v124,0.5,ApolloV2,ApolloV2,cand_sweep,40,61
2026-07-12 10:46:56.308,v122,v124,0.5,Castor,Castor,cand_sweep,22,25
2026-07-12 10:46:58.243,v122,v124,0.5,Poseidon,Poseidon,cand_sweep,18,15
2026-07-12 10:47:16.827,v122,v124,0.5,Polyphemus,Polyphemus,split_god2,68,22
2026-07-12 10:47:31.513,v122,v124,0.5,Terpsichore,Terpsichore,split_god2,21,16
2026-07-12 10:47:32.171,v122,v124,0.5,Bellerophon,Bellerophon,base_sweep,69,16
2026-07-12 10:47:36.712,v122,v124,0.5,Theseus,Theseus,cand_sweep,36,63
2026-07-12 10:47:37.384,v122,v124,0.5,Iris,Iris,base_sweep,85,72
2026-07-12 10:47:55.505,v122,v124,0.5,Pan,Atlas,cand_sweep,39,23
2026-07-12 10:48:00.901,v122,v124,0.5,Pan,Limus,split_god2,32,30
2026-07-12 10:48:01.378,v122,v124,0.5,Pan,Hypnus,split_god2,28,34
2026-07-12 10:48:15.815,v122,v124,0.5,Pan,Hera,split_god2,46,64
2026-07-12 10:48:16.671,v122,v124,0.5,Pan,Harpies,split_god2,30,22
2026-07-12 10:48:20.427,v122,v124,0.5,Pan,Aphrodite,split_god2,24,28
2026-07-12 10:48:22.990,v122,v124,0.5,Pan,Persephone,split_god1,35,25
2026-07-12 10:48:33.414,v122,v124,0.5,Pan,Hestia,split_god2,16,22
2026-07-12 10:48:35.937,v122,v124,0.5,Pan,Morpheus,split_god2,24,24
2026-07-12 10:48:43.194,v122,v124,0.5,Pan,Aeolus,split_god2,28,36
2026-07-12 10:48:47.668,v122,v124,0.5,Pan,Europa,base_sweep,37,24
2026-07-12 10:49:08.775,v122,v124,0.5,Pan,Bia,split_god2,46,44
2026-07-12 11:07:30.539,v124,v125,0.5,Minotaur,Minotaur,cand_sweep,34,31
2026-07-12 11:07:55.693,v124,v125,0.5,Prometheus,Prometheus,cand_sweep,32,27
2026-07-12 11:07:59.379,v124,v125,0.5,Hermes,Hermes,cand_sweep,50,75
2026-07-12 11:08:01.937,v124,v125,0.5,Artemis,Artemis,base_sweep,55,82
2026-07-12 11:08:07.801,v124,v125,0.5,Mortal,Mortal,cand_sweep,86,63
2026-07-12 11:08:26.439,v124,v125,0.5,Maenads,Maenads,cand_sweep,34,37
2026-07-12 11:08:27.531,v124,v125,0.5,Harpies,Harpies,cand_sweep,34,45
2026-07-12 11:08:35.295,v124,v125,0.5,Selene,Selene,base_sweep,39,33
2026-07-12 11:08:45.135,v124,v125,0.5,Zeus,Zeus,split_god1,43,69
2026-07-12 11:08:58.848,v124,v125,0.5,Nike,Nike,base_sweep,33,44
2026-07-12 11:08:59.690,v124,v125,0.5,Scylla,Scylla,base_sweep,37,40
2026-07-12 11:09:22.106,v124,v125,0.5,Nemesis,Nemesis,split_god1,33,71
2026-07-12 11:09:35.662,v124,v125,0.5,Jason,Jason,split_god2,60,54
2026-07-12 11:09:42.410,v124,v125,0.5,Stymphalians,Stymphalians,split_god1,55,47
2026-07-12 11:09:47.808,v124,v125,0.5,Pan,Pan,split_god2,76,44
2026-07-12 11:09:49.579,v124,v125,0.5,Atlas,Atlas,split_god1,39,31
2026-07-12 11:10:12.724,v124,v125,0.5,Graeae,Graeae,cand_sweep,30,41
2026-07-12 11:10:34.159,v124,v125,0.5,Urania,Urania,split_god1,65,71
2026-07-12 11:10:37.271,v124,v125,0.5,Limus,Limus,cand_sweep,58,61
2026-07-12 11:10:56.986,v124,v125,0.5,Hypnus,Hypnus,split_god2,40,68
2026-07-12 11:11:05.186,v124,v125,0.5,Hera,Hera,cand_sweep,92,91
2026-07-12 11:11:07.369,v124,v125,0.5,Persephone,Persephone,cand_sweep,54,23
2026-07-12 11:11:17.564,v124,v125,0.5,Morpheus,Morpheus,cand_sweep,26,23
2026-07-12 11:11:30.960,v124,v125,0.5,Aphrodite,Aphrodite,base_sweep,69,66
2026-07-12 11:11:31.706,v124,v125,0.5,Clio,Clio,split_god1,39,23
2026-07-12 11:11:33.344,v124,v125,0.5,Europa,Europa,split_god2,32,32
2026-07-12 11:11:39.177,v124,v125,0.5,Eros,Eros,split_god1,31,27
2026-07-12 11:11:51.864,v124,v125,0.5,Proteus,Proteus,split_god2,24,24
2026-07-12 11:11:58.059,v124,v125,0.5,Charon,Charon,cand_sweep,32,37
2026-07-12 11:12:14.208,v124,v125,0.5,Asteria,Asteria,base_sweep,45,39
2026-07-12 11:12:35.902,v124,v125,0.5,Hydra,Hydra,split_god2,42,54
2026-07-12 11:12:37.141,v124,v125,0.5,Pegasus,Pegasus,base_sweep,79,80
2026-07-12 11:13:03.306,v124,v125,0.5,Castor,Castor,split_god1,29,39
2026-07-12 11:13:06.020,v124,v125,0.5,ApolloV2,ApolloV2,cand_sweep,86,83
2026-07-12 11:13:06.041,v124,v125,0.5,Iris,Iris,base_sweep,49,82
2026-07-12 11:13:19.718,v124,v125,0.5,Poseidon,Poseidon,cand_sweep,22,21
2026-07-12 11:13:32.678,v124,v125,0.5,CharonV2,CharonV2,cand_sweep,74,67
2026-07-12 11:13:34.499,v124,v125,0.5,Theseus,Theseus,base_sweep,39,32
2026-07-12 11:13:46.951,v124,v125,0.5,Hephaestus,Hephaestus,split_god1,23,19
2026-07-12 11:13:56.877,v124,v125,0.5,Achilles,Achilles,base_sweep,53,44
2026-07-12 11:14:04.532,v124,v125,0.5,Bellerophon,Bellerophon,cand_sweep,64,81
2026-07-12 11:14:07.617,v124,v125,0.5,Demeter,Demeter,cand_sweep,24,27
2026-07-12 11:14:08.046,v124,v125,0.5,Athena,Athena,split_god1,41,41
2026-07-12 11:14:23.737,v124,v125,0.5,Hestia,Hestia,base_sweep,17,24
2026-07-12 11:14:35.282,v124,v125,0.5,Apollo,Apollo,split_god1,37,45
2026-07-12 11:14:40.678,v124,v125,0.5,Aeolus,Aeolus,split_god2,48,28
2026-07-12 11:14:41.286,v124,v125,0.5,Hades,Hades,split_god1,24,69
2026-07-12 11:14:51.376,v124,v125,0.5,Hippolyta,Hippolyta,split_god2,20,26
2026-07-12 11:14:54.410,v124,v125,0.5,Bia,Bia,split_god2,40,36
2026-07-12 11:15:05.235,v124,v125,0.5,Terpsichore,Terpsichore,split_god1,23,12
2026-07-12 11:15:06.617,v124,v125,0.5,Polyphemus,Polyphemus,base_sweep,29,38
2026-07-12 11:15:09.478,v124,v125,0.5,Medusa,Medusa,cand_sweep,50,33
2026-07-12 11:28:00.399,v122,v125,0.5,Minotaur,Minotaur,cand_sweep,44,23
2026-07-12 11:28:24.263,v122,v125,0.5,Prometheus,Prometheus,split_god1,27,31
2026-07-12 11:28:25.407,v122,v125,0.5,Mortal,Mortal,split_god2,82,54
2026-07-12 11:28:26.177,v122,v125,0.5,Hermes,Hermes,cand_sweep,70,53
2026-07-12 11:28:34.783,v122,v125,0.5,Artemis,Artemis,split_god1,65,71
2026-07-12 11:28:48.527,v122,v125,0.5,Harpies,Harpies,split_god1,37,21
2026-07-12 11:28:53.710,v122,v125,0.5,Selene,Selene,cand_sweep,26,41
2026-07-12 11:28:53.871,v122,v125,0.5,Maenads,Maenads,split_god2,34,36
2026-07-12 11:29:07.721,v122,v125,0.5,Graeae,Graeae,split_god2,14,22
2026-07-12 11:29:12.241,v122,v125,0.5,Scylla,Scylla,base_sweep,37,46
2026-07-12 11:29:31.062,v122,v125,0.5,Nike,Nike,base_sweep,48,50
2026-07-12 11:29:56.114,v122,v125,0.5,Limus,Limus,split_god2,58,65
2026-07-12 11:29:58.351,v122,v125,0.5,Persephone,Persephone,split_god1,49,25
2026-07-12 11:30:06.505,v122,v125,0.5,Aphrodite,Aphrodite,cand_sweep,62,71
2026-07-12 11:30:09.179,v122,v125,0.5,Hera,Hera,split_god2,87,85
2026-07-12 11:30:16.031,v122,v125,0.5,Morpheus,Morpheus,base_sweep,21,26
2026-07-12 11:30:38.954,v122,v125,0.5,Charon,Charon,base_sweep,45,30
2026-07-12 11:30:54.957,v122,v125,0.5,Asteria,Asteria,split_god1,39,54
2026-07-12 11:31:04.148,v122,v125,0.5,Zeus,Zeus,cand_sweep,74,79
2026-07-12 11:31:08.162,v122,v125,0.5,Pegasus,Pegasus,split_god1,82,57
2026-07-12 11:31:31.866,v122,v125,0.5,Nemesis,Nemesis,base_sweep,27,26
2026-07-12 11:31:34.538,v122,v125,0.5,ApolloV2,ApolloV2,cand_sweep,60,73
2026-07-12 11:31:42.502,v122,v125,0.5,CharonV2,CharonV2,cand_sweep,40,49
2026-07-12 11:31:42.983,v122,v125,0.5,Poseidon,Poseidon,cand_sweep,18,9
2026-07-12 11:31:58.073,v122,v125,0.5,Iris,Iris,cand_sweep,70,81
2026-07-12 11:32:14.046,v122,v125,0.5,Theseus,Theseus,split_god2,40,38
2026-07-12 11:32:30.516,v122,v125,0.5,Achilles,Achilles,cand_sweep,40,41
2026-07-12 11:32:40.246,v122,v125,0.5,Bellerophon,Bellerophon,split_god2,80,70
2026-07-12 11:32:44.334,v122,v125,0.5,Jason,Jason,split_god2,74,68
2026-07-12 11:33:01.629,v122,v125,0.5,Atlas,Atlas,cand_sweep,34,27
2026-07-12 11:33:01.931,v122,v125,0.5,Demeter,Demeter,split_god1,25,19
2026-07-12 11:33:08.874,v122,v125,0.5,Pan,Pan,split_god1,29,63
2026-07-12 11:33:09.554,v122,v125,0.5,Stymphalians,Stymphalians,split_god1,67,65
2026-07-12 11:33:29.775,v122,v125,0.5,Hestia,Hestia,cand_sweep,24,27
2026-07-12 11:33:36.305,v122,v125,0.5,Europa,Europa,split_god1,29,31
2026-07-12 11:33:42.211,v122,v125,0.5,Hypnus,Hypnus,split_god2,48,44
2026-07-12 11:33:49.667,v122,v125,0.5,Urania,Urania,cand_sweep,62,45
2026-07-12 11:34:00.916,v122,v125,0.5,Proteus,Proteus,split_god2,26,22
2026-07-12 11:34:02.778,v122,v125,0.5,Clio,Clio,base_sweep,35,44
2026-07-12 11:34:05.071,v122,v125,0.5,Eros,Eros,split_god2,28,48
2026-07-12 11:34:20.634,v122,v125,0.5,Hydra,Hydra,split_god1,41,29
2026-07-12 11:34:23.820,v122,v125,0.5,Castor,Castor,split_god1,21,31
2026-07-12 11:34:33.963,v122,v125,0.5,Hephaestus,Hephaestus,split_god1,21,17
2026-07-12 11:34:36.554,v122,v125,0.5,Medusa,Medusa,split_god1,46,53
2026-07-12 11:34:39.448,v122,v125,0.5,Polyphemus,Polyphemus,cand_sweep,56,31
2026-07-12 11:35:00.177,v122,v125,0.5,Athena,Athena,split_god2,46,42
2026-07-12 11:50:51.270,v125,v126,0.5,Selene,Selene,cand_sweep,30,43
2026-07-12 11:51:02.006,v125,v126,0.5,Hermes,Hermes,cand_sweep,46,39
2026-07-12 11:51:06.738,v125,v126,0.5,Minotaur,Minotaur,split_god2,50,54
2026-07-12 11:51:08.517,v125,v126,0.5,Mortal,Mortal,split_god2,54,52
2026-07-12 11:51:25.142,v125,v126,0.5,Prometheus,Prometheus,split_god1,21,21
2026-07-12 11:51:43.625,v125,v126,0.5,Scylla,Scylla,base_sweep,77,50
2026-07-12 11:51:43.816,v125,v126,0.5,Nike,Nike,split_god1,43,57
2026-07-12 11:52:00.752,v125,v126,0.5,Harpies,Harpies,split_god1,41,47
2026-07-12 11:52:01.919,v125,v126,0.5,Artemis,Artemis,split_god2,72,60
2026-07-12 11:52:03.382,v125,v126,0.5,Morpheus,Morpheus,cand_sweep,22,25
2026-07-12 11:52:21.258,v125,v126,0.5,Maenads,Maenads,split_god2,30,28
2026-07-12 11:52:34.649,v125,v126,0.5,Charon,Charon,split_god2,34,42
2026-07-12 11:52:40.248,v125,v126,0.5,Aphrodite,Aphrodite,base_sweep,85,55
2026-07-12 11:52:42.621,v125,v126,0.5,Zeus,Zeus,base_sweep,37,66
2026-07-12 11:53:08.883,v125,v126,0.5,CharonV2,CharonV2,split_god2,36,36
2026-07-12 11:53:24.832,v125,v126,0.5,Nemesis,Nemesis,split_god2,38,48
2026-07-12 11:53:25.127,v125,v126,0.5,Poseidon,Poseidon,split_god1,27,15
2026-07-12 11:53:25.597,v125,v126,0.5,Iris,Iris,split_god1,45,81
2026-07-12 11:53:28.170,v125,v126,0.5,ApolloV2,ApolloV2,base_sweep,69,94
2026-07-12 11:53:54.390,v125,v126,0.5,Atlas,Atlas,base_sweep,33,40
2026-07-12 11:53:58.629,v125,v126,0.5,Achilles,Achilles,split_god2,28,54
2026-07-12 11:54:15.855,v125,v126,0.5,Graeae,Graeae,split_god1,63,45
2026-07-12 11:54:28.073,v125,v126,0.5,Urania,Urania,split_god2,64,88
2026-07-12 11:54:45.568,v125,v126,0.5,Hestia,Hestia,split_god1,19,27
2026-07-12 11:54:49.692,v125,v126,0.5,Limus,Limus,base_sweep,61,69
2026-07-12 11:54:49.977,v125,v126,0.5,Persephone,Persephone,split_god2,20,76
2026-07-12 11:55:12.463,v125,v126,0.5,Hera,Hera,split_god2,89,94
2026-07-12 11:55:14.027,v125,v126,0.5,Clio,Clio,split_god1,27,47
2026-07-12 11:55:22.500,v125,v126,0.5,Asteria,Asteria,cand_sweep,30,48
2026-07-12 11:55:35.034,v125,v126,0.5,Polyphemus,Polyphemus,base_sweep,29,32
2026-07-12 11:55:56.633,v125,v126,0.5,Pegasus,Pegasus,cand_sweep,85,77
2026-07-12 11:56:00.604,v125,v126,0.5,Theseus,Theseus,split_god1,41,51
2026-07-12 11:56:06.778,v125,v126,0.5,Bellerophon,Bellerophon,cand_sweep,60,67
2026-07-12 11:56:24.004,v125,v126,0.5,Demeter,Demeter,cand_sweep,24,19
2026-07-12 11:56:24.949,v125,v126,0.5,Jason,Jason,cand_sweep,78,41
2026-07-12 11:56:39.944,v125,v126,0.5,Pan,Pan,split_god2,42,52
2026-07-12 11:56:47.106,v125,v126,0.5,Europa,Europa,base_sweep,19,34
2026-07-12 11:56:47.354,v125,v126,0.5,Stymphalians,Stymphalians,base_sweep,57,59
2026-07-12 11:56:58.592,v125,v126,0.5,Hypnus,Hypnus,split_god1,43,43
2026-07-12 11:57:02.937,v125,v126,0.5,Eros,Eros,split_god1,29,31
2026-07-12 11:57:06.913,v125,v126,0.5,Proteus,Proteus,split_god2,22,26
2026-07-12 11:57:21.437,v125,v126,0.5,Hephaestus,Hephaestus,split_god1,19,23
2026-07-12 11:57:28.039,v125,v126,0.5,Castor,Castor,split_god1,29,33
2026-07-12 11:57:33.430,v125,v126,0.5,Medusa,Medusa,split_god1,72,27
2026-07-12 11:57:34.476,v125,v126,0.5,Hydra,Hydra,cand_sweep,40,65
2026-07-12 11:58:05.682,v125,v126,0.5,Athena,Athena,split_god2,66,44
2026-07-12 12:00:41.969,v126,v127,0.5,Selene,Selene,split_god1,42,23
2026-07-12 12:01:02.652,v126,v127,0.5,Hermes,Hermes,split_god1,51,55
2026-07-12 12:01:03.194,v126,v127,0.5,Scylla,Scylla,split_god2,70,42
2026-07-12 12:01:14.741,v126,v127,0.5,Mortal,Mortal,split_god2,78,66
2026-07-12 12:01:31.492,v126,v127,0.5,Morpheus,Morpheus,cand_sweep,34,31
2026-07-12 12:01:39.670,v126,v127,0.5,Minotaur,Minotaur,split_god1,89,57
2026-07-12 12:01:54.999,v126,v127,0.5,Aphrodite,Aphrodite,cand_sweep,54,73
2026-07-12 12:02:02.932,v126,v127,0.5,Zeus,Zeus,cand_sweep,63,57
2026-07-12 12:02:23.133,v126,v127,0.5,ApolloV2,ApolloV2,cand_sweep,64,65
2026-07-12 12:02:28.788,v126,v127,0.5,Atlas,Atlas,cand_sweep,48,23
2026-07-12 12:02:32.486,v126,v127,0.5,Nike,Nike,cand_sweep,56,77
2026-07-12 12:02:46.037,v126,v127,0.5,Artemis,Artemis,split_god2,60,64
2026-07-12 12:02:46.824,v126,v127,0.5,Prometheus,Prometheus,split_god1,29,29
2026-07-12 12:03:06.070,v126,v127,0.5,Maenads,Maenads,cand_sweep,30,23
2026-07-12 12:03:06.849,v126,v127,0.5,Harpies,Harpies,split_god1,37,45
2026-07-12 12:03:12.840,v126,v127,0.5,Charon,Charon,base_sweep,35,28
2026-07-12 12:03:14.988,v126,v127,0.5,Limus,Limus,base_sweep,51,70
2026-07-12 12:03:40.506,v126,v127,0.5,CharonV2,CharonV2,base_sweep,31,32
2026-07-12 12:03:43.945,v126,v127,0.5,Asteria,Asteria,base_sweep,52,44
2026-07-12 12:04:07.253,v126,v127,0.5,Polyphemus,Polyphemus,cand_sweep,45,21
2026-07-12 12:04:11.585,v126,v127,0.5,Pegasus,Pegasus,split_god1,69,81
2026-07-12 12:04:13.809,v126,v127,0.5,Iris,Iris,cand_sweep,82,69
2026-07-12 12:04:19.064,v126,v127,0.5,Nemesis,Nemesis,split_god2,32,40
2026-07-12 12:04:20.442,v126,v127,0.5,Poseidon,Poseidon,cand_sweep,18,13
2026-07-12 12:04:40.750,v126,v127,0.5,Bellerophon,Bellerophon,split_god1,23,49
2026-07-12 12:04:48.387,v126,v127,0.5,Achilles,Achilles,split_god2,34,38
2026-07-12 12:04:58.718,v126,v127,0.5,Demeter,Demeter,cand_sweep,20,25
2026-07-12 12:05:01.004,v126,v127,0.5,Stymphalians,Stymphalians,cand_sweep,42,49
2026-07-12 12:05:14.642,v126,v127,0.5,Jason,Jason,cand_sweep,72,79
2026-07-12 12:05:32.324,v126,v127,0.5,Urania,Urania,cand_sweep,54,51
2026-07-12 12:05:47.267,v126,v127,0.5,Graeae,Graeae,base_sweep,71,40
2026-07-12 12:05:50.587,v126,v127,0.5,Hestia,Hestia,split_god1,29,19
2026-07-12 12:06:07.223,v126,v127,0.5,Clio,Clio,base_sweep,21,24
2026-07-12 12:06:08.017,v126,v127,0.5,Persephone,Persephone,base_sweep,83,66
2026-07-12 12:06:10.587,v126,v127,0.5,Europa,Europa,split_god2,36,18
2026-07-12 12:06:11.383,v126,v127,0.5,Hera,Hera,cand_sweep,80,94
2026-07-12 12:06:36.525,v126,v127,0.5,Theseus,Theseus,split_god1,25,47
2026-07-12 12:06:47.190,v126,v127,0.5,Hypnus,Hypnus,cand_sweep,50,39
2026-07-12 12:06:51.450,v126,v127,0.5,Hydra,Hydra,split_god1,59,39
2026-07-12 12:06:51.551,v126,v127,0.5,Eros,Eros,split_god1,27,21
2026-07-12 12:06:51.922,v126,v127,0.5,Pan,Pan,cand_sweep,30,75
2026-07-12 12:07:07.421,v126,v127,0.5,Hephaestus,Hephaestus,split_god1,17,27
2026-07-12 12:07:11.492,v126,v127,0.5,Proteus,Proteus,cand_sweep,40,19
2026-07-12 12:07:16.394,v126,v127,0.5,Castor,Castor,split_god1,35,29
2026-07-12 12:07:24.073,v126,v127,0.5,Medusa,Medusa,cand_sweep,18,73
2026-07-12 12:07:35.915,v126,v127,0.5,Athena,Athena,split_god2,40,32
2026-07-12 12:09:12.204,v127,v128,0.5,Morpheus,Morpheus,cand_sweep,36,25
2026-07-12 12:09:29.211,v127,v128,0.5,Hermes,Hermes,cand_sweep,46,55
2026-07-12 12:09:32.549,v127,v128,0.5,Aphrodite,Aphrodite,split_god1,58,68
2026-07-12 12:09:35.066,v127,v128,0.5,Mortal,Mortal,split_god2,44,76
2026-07-12 12:09:50.669,v127,v128,0.5,Selene,Selene,split_god1,27,27
2026-07-12 12:09:59.210,v127,v128,0.5,Scylla,Scylla,split_god2,34,28
2026-07-12 12:10:02.297,v127,v128,0.5,Zeus,Zeus,split_god1,73,47
2026-07-12 12:10:28.291,v127,v128,0.5,Nike,Nike,split_god1,41,51
2026-07-12 12:10:32.887,v127,v128,0.5,Atlas,Atlas,split_god1,35,43
2026-07-12 12:10:36.132,v127,v128,0.5,Minotaur,Minotaur,split_god1,41,51
2026-07-12 12:10:44.608,v127,v128,0.5,ApolloV2,ApolloV2,cand_sweep,81,91
2026-07-12 12:10:47.102,v127,v128,0.5,Maenads,Maenads,base_sweep,15,26
2026-07-12 12:11:09.356,v127,v128,0.5,Limus,Limus,split_god2,52,48
2026-07-12 12:11:13.690,v127,v128,0.5,Charon,Charon,split_god1,37,57
2026-07-12 12:11:23.158,v127,v128,0.5,Asteria,Asteria,split_god1,44,53
2026-07-12 12:11:30.827,v127,v128,0.5,Polyphemus,Polyphemus,split_god1,19,21
2026-07-12 12:11:32.153,v127,v128,0.5,Iris,Iris,split_god2,62,50
2026-07-12 12:11:38.683,v127,v128,0.5,Poseidon,Poseidon,split_god1,21,21
2026-07-12 12:11:44.867,v127,v128,0.5,CharonV2,CharonV2,split_god2,44,44
2026-07-12 12:12:01.939,v127,v128,0.5,Demeter,Demeter,split_god1,23,21
2026-07-12 12:12:21.540,v127,v128,0.5,Stymphalians,Stymphalians,cand_sweep,63,51
2026-07-12 12:12:23.319,v127,v128,0.5,Artemis,Artemis,base_sweep,51,52
2026-07-12 12:12:24.344,v127,v128,0.5,Prometheus,Prometheus,split_god1,21,33
2026-07-12 12:12:34.616,v127,v128,0.5,Jason,Jason,split_god1,71,71
2026-07-12 12:13:05.788,v127,v128,0.5,Harpies,Harpies,split_god1,41,39
2026-07-12 12:13:09.491,v127,v128,0.5,Urania,Urania,split_god2,58,52
2026-07-12 12:13:11.082,v127,v128,0.5,Graeae,Graeae,split_god2,48,58
2026-07-12 12:13:26.684,v127,v128,0.5,Clio,Clio,split_god1,23,27
2026-07-12 12:13:30.090,v127,v128,0.5,Hera,Hera,split_god2,84,68
2026-07-12 12:13:43.394,v127,v128,0.5,Persephone,Persephone,split_god1,37,57
2026-07-12 12:14:04.511,v127,v128,0.5,Pegasus,Pegasus,cand_sweep,62,68
2026-07-12 12:14:06.439,v127,v128,0.5,Nemesis,Nemesis,base_sweep,43,40
2026-07-12 12:14:09.154,v127,v128,0.5,Achilles,Achilles,base_sweep,33,30
2026-07-12 12:14:09.695,v127,v128,0.5,Bellerophon,Bellerophon,base_sweep,27,68
2026-07-12 12:14:27.030,v127,v128,0.5,Hestia,Hestia,base_sweep,19,28
2026-07-12 12:14:30.955,v127,v128,0.5,Pan,Pan,base_sweep,41,30
2026-07-12 12:14:33.046,v127,v128,0.5,Europa,Europa,split_god1,29,27
2026-07-12 12:14:39.999,v127,v128,0.5,Hypnus,Hypnus,base_sweep,47,40
2026-07-12 12:14:57.563,v127,v128,0.5,Proteus,Proteus,split_god2,52,24
2026-07-12 12:15:05.668,v127,v128,0.5,Medusa,Medusa,split_god2,61,22
2026-07-12 12:15:08.418,v127,v128,0.5,Theseus,Theseus,split_god1,27,45
2026-07-12 12:15:12.483,v127,v128,0.5,Hydra,Hydra,base_sweep,39,52
2026-07-12 12:15:23.632,v127,v128,0.5,Hephaestus,Hephaestus,split_god1,17,23
2026-07-12 12:15:27.223,v127,v128,0.5,Eros,Eros,cand_sweep,36,41
2026-07-12 12:15:29.935,v127,v128,0.5,Castor,Castor,base_sweep,33,26
2026-07-12 12:15:57.784,v127,v128,0.5,Athena,Athena,base_sweep,45,66
2026-07-12 14:51:43.831,v127,v129,0.5,Morpheus,Morpheus,split_god1,31,33
2026-07-12 14:51:53.156,v127,v129,0.5,Mortal,Mortal,split_god2,54,40
2026-07-12 14:52:07.463,v127,v129,0.5,Hermes,Hermes,split_god1,63,53
2026-07-12 14:52:09.570,v127,v129,0.5,Maenads,Maenads,split_god2,24,18
2026-07-12 14:52:19.114,v127,v129,0.5,ApolloV2,ApolloV2,split_god1,69,79
2026-07-12 14:52:36.784,v127,v129,0.5,Aphrodite,Aphrodite,split_god1,58,63
2026-07-12 14:52:38.273,v127,v129,0.5,Selene,Selene,cand_sweep,34,39
2026-07-12 14:52:49.927,v127,v129,0.5,Scylla,Scylla,split_god1,37,31
2026-07-12 14:52:59.749,v127,v129,0.5,Zeus,Zeus,cand_sweep,68,61
2026-07-12 14:53:19.779,v127,v129,0.5,Nike,Nike,split_god1,63,43
2026-07-12 14:53:33.130,v127,v129,0.5,Stymphalians,Stymphalians,split_god1,57,75
2026-07-12 14:53:35.537,v127,v129,0.5,Artemis,Artemis,split_god1,51,57
2026-07-12 14:53:46.731,v127,v129,0.5,Minotaur,Minotaur,split_god1,47,63
2026-07-12 14:53:51.794,v127,v129,0.5,Atlas,Atlas,base_sweep,35,44
2026-07-12 14:54:04.237,v127,v129,0.5,Charon,Charon,split_god2,36,34
2026-07-12 14:54:25.607,v127,v129,0.5,Limus,Limus,cand_sweep,72,55
2026-07-12 14:54:34.158,v127,v129,0.5,Asteria,Asteria,base_sweep,48,50
2026-07-12 14:54:46.565,v127,v129,0.5,Pegasus,Pegasus,cand_sweep,82,65
2026-07-12 14:54:58.888,v127,v129,0.5,CharonV2,CharonV2,split_god1,51,31
2026-07-12 14:55:02.553,v127,v129,0.5,Polyphemus,Polyphemus,cand_sweep,52,23
2026-07-12 14:55:06.714,v127,v129,0.5,Iris,Iris,cand_sweep,66,81
2026-07-12 14:55:07.428,v127,v129,0.5,Poseidon,Poseidon,cand_sweep,14,9
2026-07-12 14:55:22.972,v127,v129,0.5,Nemesis,Nemesis,split_god1,33,45
2026-07-12 14:55:49.196,v127,v129,0.5,Achilles,Achilles,split_god1,49,51
2026-07-12 14:55:58.200,v127,v129,0.5,Bellerophon,Bellerophon,split_god1,67,61
2026-07-12 14:56:00.706,v127,v129,0.5,Jason,Jason,split_god1,67,61
2026-07-12 14:56:01.147,v127,v129,0.5,Demeter,Demeter,split_god1,19,15
2026-07-12 14:56:08.292,v127,v129,0.5,Pan,Pan,cand_sweep,38,71
2026-07-12 14:56:26.946,v127,v129,0.5,Graeae,Graeae,cand_sweep,48,13
2026-07-12 14:56:28.804,v127,v129,0.5,Prometheus,Prometheus,cand_sweep,46,29
2026-07-12 14:56:47.705,v127,v129,0.5,Urania,Urania,split_god2,50,58
2026-07-12 14:56:53.746,v127,v129,0.5,Harpies,Harpies,cand_sweep,26,35
2026-07-12 14:56:55.124,v127,v129,0.5,Hypnus,Hypnus,split_god2,40,34
2026-07-12 14:57:06.597,v127,v129,0.5,Persephone,Persephone,cand_sweep,30,23
2026-07-12 14:57:07.066,v127,v129,0.5,Clio,Clio,split_god1,15,21
2026-07-12 14:57:18.083,v127,v129,0.5,Hestia,Hestia,split_god2,36,28
2026-07-12 14:57:23.232,v127,v129,0.5,Hera,Hera,split_god2,90,87
2026-07-12 14:57:37.037,v127,v129,0.5,Europa,Europa,cand_sweep,40,27
2026-07-12 14:57:42.267,v127,v129,0.5,Proteus,Proteus,split_god2,26,22
2026-07-12 14:57:50.291,v127,v129,0.5,Eros,Eros,cand_sweep,50,33
2026-07-12 14:58:03.962,v127,v129,0.5,Hydra,Hydra,split_god2,60,68
2026-07-12 14:58:09.889,v127,v129,0.5,Castor,Castor,cand_sweep,32,33
2026-07-12 14:58:17.869,v127,v129,0.5,Medusa,Medusa,base_sweep,64,44
2026-07-12 14:58:27.094,v127,v129,0.5,Hephaestus,Hephaestus,split_god1,23,25
2026-07-12 14:58:27.624,v127,v129,0.5,Theseus,Theseus,base_sweep,55,38
2026-07-12 14:58:44.349,v127,v129,0.5,Athena,Athena,split_god1,55,45
2026-07-12 15:05:31.247,v129,v130,0.5,Morpheus,Morpheus,split_god1,23,21
2026-07-12 15:05:51.678,v129,v130,0.5,Hermes,Hermes,split_god1,51,37
2026-07-12 15:05:55.293,v129,v130,0.5,Mortal,Mortal,cand_sweep,56,45
2026-07-12 15:06:08.533,v129,v130,0.5,Selene,Selene,split_god1,39,53
2026-07-12 15:06:17.257,v129,v130,0.5,Zeus,Zeus,split_god2,74,85
2026-07-12 15:06:19.063,v129,v130,0.5,Atlas,Atlas,base_sweep,39,22
2026-07-12 15:06:42.913,v129,v130,0.5,Maenads,Maenads,split_god1,25,35
2026-07-12 15:06:46.223,v129,v130,0.5,ApolloV2,ApolloV2,cand_sweep,70,71
2026-07-12 15:06:59.473,v129,v130,0.5,Limus,Limus,cand_sweep,65,61
2026-07-12 15:07:13.751,v129,v130,0.5,Scylla,Scylla,split_god2,28,42
2026-07-12 15:07:17.934,v129,v130,0.5,Aphrodite,Aphrodite,split_god1,73,79
2026-07-12 15:07:32.156,v129,v130,0.5,Polyphemus,Polyphemus,split_god1,17,23
2026-07-12 15:07:37.855,v129,v130,0.5,Asteria,Asteria,split_god1,40,51
2026-07-12 15:07:42.453,v129,v130,0.5,Pegasus,Pegasus,cand_sweep,70,65
2026-07-12 15:07:49.003,v129,v130,0.5,Poseidon,Poseidon,split_god1,19,9
2026-07-12 15:08:10.652,v129,v130,0.5,Iris,Iris,cand_sweep,89,49
2026-07-12 15:08:11.265,v129,v130,0.5,Nike,Nike,cand_sweep,48,43
2026-07-12 15:08:32.404,v129,v130,0.5,Stymphalians,Stymphalians,split_god1,53,63
2026-07-12 15:08:34.958,v129,v130,0.5,Artemis,Artemis,base_sweep,71,42
2026-07-12 15:08:40.728,v129,v130,0.5,Pan,Pan,base_sweep,23,48
2026-07-12 15:08:44.834,v129,v130,0.5,Minotaur,Minotaur,cand_sweep,44,39
2026-07-12 15:08:50.142,v129,v130,0.5,Prometheus,Prometheus,cand_sweep,22,21
2026-07-12 15:09:09.502,v129,v130,0.5,Harpies,Harpies,cand_sweep,34,43
2026-07-12 15:09:16.635,v129,v130,0.5,Persephone,Persephone,split_god1,47,35
2026-07-12 15:09:16.960,v129,v130,0.5,Charon,Charon,base_sweep,27,38
2026-07-12 15:09:17.770,v129,v130,0.5,Graeae,Graeae,split_god2,32,64
2026-07-12 15:09:35.204,v129,v130,0.5,CharonV2,CharonV2,split_god1,33,29
2026-07-12 15:09:55.377,v129,v130,0.5,Nemesis,Nemesis,cand_sweep,30,49
2026-07-12 15:10:03.243,v129,v130,0.5,Achilles,Achilles,split_god1,49,23
2026-07-12 15:10:09.032,v129,v130,0.5,Jason,Jason,cand_sweep,42,75
2026-07-12 15:10:16.328,v129,v130,0.5,Bellerophon,Bellerophon,cand_sweep,70,71
2026-07-12 15:10:23.912,v129,v130,0.5,Demeter,Demeter,split_god2,36,32
2026-07-12 15:10:39.709,v129,v130,0.5,Hypnus,Hypnus,split_god1,28,35
2026-07-12 15:10:42.541,v129,v130,0.5,Hestia,Hestia,base_sweep,23,24
2026-07-12 15:11:00.796,v129,v130,0.5,Clio,Clio,split_god1,17,35
2026-07-12 15:11:10.043,v129,v130,0.5,Europa,Europa,split_god1,33,35
2026-07-12 15:11:10.680,v129,v130,0.5,Urania,Urania,base_sweep,75,83
2026-07-12 15:11:21.886,v129,v130,0.5,Hera,Hera,cand_sweep,82,90
2026-07-12 15:11:24.442,v129,v130,0.5,Eros,Eros,split_god1,31,31
2026-07-12 15:11:36.594,v129,v130,0.5,Hydra,Hydra,split_god2,30,32
2026-07-12 15:11:41.320,v129,v130,0.5,Medusa,Medusa,split_god2,26,58
2026-07-12 15:11:44.097,v129,v130,0.5,Castor,Castor,split_god1,35,21
2026-07-12 15:11:51.569,v129,v130,0.5,Proteus,Proteus,split_god2,22,16
2026-07-12 15:11:56.364,v129,v130,0.5,Hephaestus,Hephaestus,split_god1,17,19
2026-07-12 15:11:59.888,v129,v130,0.5,Theseus,Theseus,split_god2,42,44
2026-07-12 15:12:28.005,v129,v130,0.5,Athena,Athena,base_sweep,55,62
